Diplômé LMD;2010;2011;2012;2013;2014;2015;2016;2017;2018;2019;2020;2021;2022;2023;2024
Total L;17569;18313;18348;17378;19261;18676;18676;18676;18676;18676;18676;18676;18676;18676;18676
L formations universitaires publiques et privées;17569;18313;16595;16764;17398;17805;17805;17805;17805;17805;17805;17805;17805;17805;17805
L formations universitaires publiques hors IUT;17569;18274;16595;16556;17124;17523;17523;17523;17523;17523;17523;17523;17523;17523;17523
L droit, public;3006;2938;2958;2986;2954;2874;2874;2874;2874;2874;2874;2874;2874;2874;2874
L éco, public;3124;3379;2326;2403;2576;2549;2549;2549;2549;2549;2549;2549;2549;2549;2549
L lettres, public;8230;8513;7934;7906;8297;8722;8722;8722;8722;8722;8722;8722;8722;8722;8722
L sciences, public;3122;3336;3275;3139;3183;3194;3194;3194;3194;3194;3194;3194;3194;3194;3194
L staps;87;108;102;110;100;167;167;167;167;167;167;167;167;167;167
L santé autres;0;0;0;12;14;17;17;17;17;17;17;17;17;17;17
L paces, public;0;0;0;0;0;0;0;0;0;0;0;0;0;0;0
L médecine, public;0;0;0;0;0;0;0;0;0;0;0;0;0;0;0
L pharmacie, public;0;0;0;0;0;0;0;0;0;0;0;0;0;0;0
L odontologie, public;0;0;0;0;0;0;0;0;0;0;0;0;0;0;0
L maieutique;0;0;0;0;0;0;0;0;0;0;0;0;0;0;0
L ingénieurs universitaires;0;0;0;0;0;0;0;0;0;0;0;0;0;0;0
L formations universitaires privées;0;39;0;208;274;282;282;282;282;282;282;282;282;282;282
L droit, privé;0;0;0;44;88;70;70;70;70;70;70;70;70;70;70
L éco, privé;0;39;0;68;0;0;0;0;0;0;0;0;0;0;0
L lettres y compris theologie, privé;0;0;0;96;186;212;212;212;212;212;212;212;212;212;212
L sciences, privé;0;0;0;0;0;0;0;0;0;0;0;0;0;0;0
L paces, privé;0;0;0;0;0;0;0;0;0;0;0;0;0;0;0
L Ingénieurs hors universitaires;0;0;0;0;0;0;0;0;0;0;0;0;0;0;0
L Ingénieurs, public;0;0;0;0;0;0;0;0;0;0;0;0;0;0;0
L Ingénieurs, privé;0;0;0;0;0;0;0;0;0;0;0;0;0;0;0
L Management;0;0;0;0;0;0;0;0;0;0;0;0;0;0;0
L ENS;0;0;1753;614;1863;871;871;871;871;871;871;871;871;871;871
L Culture;0;0;0;0;0;0;0;0;0;0;0;0;0;0;0
L Divers autres;0;0;0;0;0;0;0;0;0;0;0;0;0;0;0
Total M;17478;17718;18552;17347;18599;19785;19785;19785;19785;19785;19785;19785;19785;19785;19785
M formations universitaires publiques et privées;17478;17718;16284;16536;16868;17311;17311;17311;17311;17311;17311;17311;17311;17311;17311
M formations universitaires publiques hors IUT;17478;17718;16284;16536;16868;17311;17311;17311;17311;17311;17311;17311;17311;17311;17311
M droit, public;3501;3649;3444;3356;3428;3477;3477;3477;3477;3477;3477;3477;3477;3477;3477
M éco, public;3257;3203;2537;2641;2652;3086;3086;3086;3086;3086;3086;3086;3086;3086;3086
M lettres, public;6888;6831;6599;6716;6892;6664;6664;6664;6664;6664;6664;6664;6664;6664;6664
M sciences, public;3579;3757;3442;3580;3513;3683;3683;3683;3683;3683;3683;3683;3683;3683;3683
M staps;58;55;43;67;79;87;87;87;87;87;87;87;87;87;87
M santé autres;192;194;185;166;292;302;302;302;302;302;302;302;302;302;302
M paces, public;0;0;0;0;0;0;0;0;0;0;0;0;0;0;0
M médecine, public;3;29;33;8;12;12;12;12;12;12;12;12;12;12;12
M pharmacie, public;0;0;1;2;0;0;0;0;0;0;0;0;0;0;0
M odontologie, public;0;0;0;0;0;0;0;0;0;0;0;0;0;0;0
M maieutique;0;0;0;0;0;0;0;0;0;0;0;0;0;0;0
M ingénieurs universitaires;0;0;0;0;0;0;0;0;0;0;0;0;0;0;0
M formations universitaires privées;0;0;0;0;0;0;0;0;0;0;0;0;0;0;0
M droit, privé;0;0;0;0;0;0;0;0;0;0;0;0;0;0;0
M éco, privé;0;0;0;0;0;0;0;0;0;0;0;0;0;0;0
M lettres y compris theologie, privé;0;0;0;0;0;0;0;0;0;0;0;0;0;0;0
M sciences, privé;0;0;0;0;0;0;0;0;0;0;0;0;0;0;0
M médecine, privé;0;0;0;0;0;0;0;0;0;0;0;0;0;0;0
M Ingénieurs hors universitaires;0;0;690;612;598;453;453;453;453;453;453;453;453;453;453
M Ingénieurs, public;0;0;690;612;598;453;453;453;453;453;453;453;453;453;453
M Ingénieurs, privé;0;0;0;0;0;0;0;0;0;0;0;0;0;0;0
M Management;0;0;0;0;0;0;0;0;0;0;0;0;0;0;0
M ENS;0;0;1578;199;1133;2021;2021;2021;2021;2021;2021;2021;2021;2021;2021
M Culture;0;0;0;0;0;0;0;0;0;0;0;0;0;0;0
M Divers autres;0;0;0;0;0;0;0;0;0;0;0;0;0;0;0
Total D;3003;2769;3280;3170;3203;3098;3098;3098;3098;3098;3098;3098;3098;3098;3098
D formations universitaires publiques et privées;3003;2769;2711;2742;2648;2375;2375;2375;2375;2375;2375;2375;2375;2375;2375
D formations universitaires publiques hors IUT;3003;2769;2711;2739;2648;2375;2375;2375;2375;2375;2375;2375;2375;2375;2375
D droit, public;248;206;191;195;184;166;166;166;166;166;166;166;166;166;166
D éco, public;150;167;112;111;88;92;92;92;92;92;92;92;92;92;92
D lettres, public;1075;917;861;940;902;787;787;787;787;787;787;787;787;787;787
D sciences, public;1376;1319;1426;1403;1382;1235;1235;1235;1235;1235;1235;1235;1235;1235;1235
D staps;3;3;6;4;1;8;8;8;8;8;8;8;8;8;8
D santé autres;120;131;92;66;60;54;54;54;54;54;54;54;54;54;54
D paces, public;0;0;0;0;0;0;0;0;0;0;0;0;0;0;0
D médecine, public;22;19;19;16;27;27;27;27;27;27;27;27;27;27;27
D pharmacie, public;9;7;4;4;4;6;6;6;6;6;6;6;6;6;6
D odontologie, public;0;0;0;0;0;0;0;0;0;0;0;0;0;0;0
D maieutique;0;0;0;0;0;0;0;0;0;0;0;0;0;0;0
D ingénieurs universitaires;0;0;0;0;0;0;0;0;0;0;0;0;0;0;0
D formations universitaires privées;0;0;0;3;0;0;0;0;0;0;0;0;0;0;0
D droit, privé;0;0;0;0;0;0;0;0;0;0;0;0;0;0;0
D éco, privé;0;0;0;0;0;0;0;0;0;0;0;0;0;0;0
D lettres y compris theologie, privé;0;0;0;3;0;0;0;0;0;0;0;0;0;0;0
D sciences, privé;0;0;0;0;0;0;0;0;0;0;0;0;0;0;0
D médecine, privé;0;0;0;0;0;0;0;0;0;0;0;0;0;0;0
D Ingénieurs hors universitaires;0;0;322;328;329;169;169;169;169;169;169;169;169;169;169
D Ingénieurs, public;0;0;322;328;329;169;169;169;169;169;169;169;169;169;169
D Ingénieurs, privé;0;0;0;0;0;0;0;0;0;0;0;0;0;0;0
D Management;0;0;6;0;14;9;9;9;9;9;9;9;9;9;9
D ENS;0;0;241;100;212;545;545;545;545;545;545;545;545;545;545
D Culture;0;0;0;0;0;0;0;0;0;0;0;0;0;0;0
D Divers autres;0;0;0;0;0;0;0;0;0;0;0;0;0;0;0
Total LMD;38050;38800;40180;37895;41063;41559;41559;41559;41559;41559;41559;41559;41559;41559;41559
LMD formations universitaires publiques et privées;38050;38800;35590;36042;36914;37491;37491;37491;37491;37491;37491;37491;37491;37491;37491
LMD formations universitaires publiques hors IUT;38050;38761;35590;35831;36640;37209;37209;37209;37209;37209;37209;37209;37209;37209;37209
LMD droit, public;6755;6793;6593;6537;6566;6517;6517;6517;6517;6517;6517;6517;6517;6517;6517
LMD éco, public;6531;6749;4975;5155;5316;5727;5727;5727;5727;5727;5727;5727;5727;5727;5727
LMD lettres, public;16193;16261;15394;15562;16091;16173;16173;16173;16173;16173;16173;16173;16173;16173;16173
LMD sciences, public;8077;8412;8143;8122;8078;8112;8112;8112;8112;8112;8112;8112;8112;8112;8112
LMD staps;148;166;151;181;180;262;262;262;262;262;262;262;262;262;262
LMD santé autres;312;325;277;244;366;373;373;373;373;373;373;373;373;373;373
LMD paces, public;0;0;0;0;0;0;0;0;0;0;0;0;0;0;0
LMD médecine, public;25;48;52;24;39;39;39;39;39;39;39;39;39;39;39
LMD pharmacie, public;9;7;5;6;4;6;6;6;6;6;6;6;6;6;6
LMD odontologie, public;0;0;0;0;0;0;0;0;0;0;0;0;0;0;0
LMD maieutique;0;0;0;0;0;0;0;0;0;0;0;0;0;0;0
LMD ingénieurs universitaires;0;0;0;0;0;0;0;0;0;0;0;0;0;0;0
LMD formations universitaires privées;0;39;0;211;274;282;282;282;282;282;282;282;282;282;282
LMD droit, privé;0;0;0;44;88;70;70;70;70;70;70;70;70;70;70
LMD éco, privé;0;39;0;68;0;0;0;0;0;0;0;0;0;0;0
LMD lettres y compris theologie, privé;0;0;0;99;186;212;212;212;212;212;212;212;212;212;212
LMD sciences, privé;0;0;0;0;0;0;0;0;0;0;0;0;0;0;0
LMD paces, privé;0;0;0;0;0;0;0;0;0;0;0;0;0;0;0
LMD médecine, privé;0;0;0;0;0;0;0;0;0;0;0;0;0;0;0
LMD Ingénieurs hors universitaires;0;0;1012;940;927;622;622;622;622;622;622;622;622;622;622
LMD Ingénieurs, public;0;0;1012;940;927;622;622;622;622;622;622;622;622;622;622
LMD Ingénieurs, privé;0;0;0;0;0;0;0;0;0;0;0;0;0;0;0
LMD Management;0;0;6;0;14;9;9;9;9;9;9;9;9;9;9
LMD ENS;0;0;3572;913;3208;3437;3437;3437;3437;3437;3437;3437;3437;3437;3437
LMD Culture;0;0;0;0;0;0;0;0;0;0;0;0;0;0;0
LMD Divers autres;0;0;0;0;0;0;0;0;0;0;0;0;0;0;0
Total CPGE;0;0;0;0;0;0;0;0;0;0;0;0;0;0;0
CPGE économie, public;0;0;0;0;0;0;0;0;0;0;0;0;0;0;0
CPGE économie, privé;0;0;0;0;0;0;0;0;0;0;0;0;0;0;0
CPGE lettres, public;0;0;0;0;0;0;0;0;0;0;0;0;0;0;0
CPGE lettres, privé;0;0;0;0;0;0;0;0;0;0;0;0;0;0;0
CPGE sciences, public;0;0;0;0;0;0;0;0;0;0;0;0;0;0;0
CPGE sciences, privé;0;0;0;0;0;0;0;0;0;0;0;0;0;0;0
CPES;0;0;0;0;0;0;0;0;0;0;0;0;0;0;0
Total STS;9489;9701;4205;4574;4369;9749;9592;9159;9015;8972;8960;8956;8956;8956;8957
STS production, public MENESR;1188;1235;660;1045;799;1292;1328;1180;1134;1122;1119;1118;1118;1118;1118
STS production, public autres;0;0;0;0;0;0;0;0;0;0;0;0;0;0;0
STS production, privé contrat;121;123;32;2;7;186;183;170;166;165;165;165;165;165;165
STS production, privé autres;213;212;20;51;60;108;104;104;104;104;104;104;104;104;104
STS services, public MENESR;3126;3074;1164;2198;2306;3116;3059;2849;2780;2761;2756;2755;2755;2755;2756
STS services, public autres;0;0;0;0;0;0;0;0;0;0;0;0;0;0;0
STS services, privé contrat;846;897;193;210;296;954;940;909;892;884;880;878;877;877;877
STS services, privé autres;3995;4160;2136;1068;901;4093;3978;3948;3939;3936;3936;3936;3936;3937;3937
STS apprentissage;0;0;0;0;0;0;0;0;0;0;0;0;0;0;0
Total IUT;923;940;877;900;972;0;0;0;0;0;0;0;0;0;0
"IUT secondaire, public ";71;61;67;70;72;0;0;0;0;0;0;0;0;0;0
IUT tertiaire, public;852;879;810;830;900;0;0;0;0;0;0;0;0;0;0
Total Autres;18023;17080;33592;33916;37875;35859;35454;35646;35582;35644;35840;35906;35934;35956;35981
Autres LMD;18023;17080;16897;17616;18929;16483;16555;16731;16836;16870;16907;16927;16939;16948;16957
Total Autres STS (comptables ...);0;0;0;0;0;0;0;0;0;0;0;0;0;0;0
Autres Ingénieurs hors universitaires;0;0;5703;5327;6257;5547;4952;5194;5075;5027;5127;5153;5161;5168;5177
Autres Management;0;0;7379;8777;6988;6679;6743;6357;6300;6354;6396;6409;6413;6415;6418
Autres ENS;0;0;3613;2196;5701;7150;7204;7364;7370;7393;7409;7417;7421;7425;7429
Autres Culture;0;0;0;0;0;0;0;0;0;0;0;0;0;0;0
Autres Divers autres;0;0;0;0;0;0;0;0;0;0;0;0;0;0;0
Total;46004;45995;55292;55946;60340;63131;62570;62328;62120;62139;62322;62385;62413;62435;62461
Programme 150;12484;13106;21317;21578;22640;24404;24453;24367;24226;24238;24372;24413;24428;24442;24458
